{"scaler_mean": [54972.460040733014, 2017.6457537016336], "scaler_scale": [54899.9040216124, 4.667942411134871], "poly_degree": 2, "model_coef": [0.0, -0.2035515762576192, 0.35102405409600235, 0.027708850807842342, 0.06618328162571518, 0.04294184853025765], "model_intercept": 10.255579317607346}